ID;Titre;Entreprise;Localisation;Plateforme;Date Détection;Lien Direct
b724e5ddf0e05cf4;Stage Pentest et Sécurité Applicative H/F;Bouygues Telecom;Meudon - 92;HelloWork;2026-09-25 20:41;https://www.hellowork.com/fr-fr/emplois/83786111.html
85b48a1789fbdb56;Stage - Consultant cybersécurité SECOP - PKI - H/F;SYNETIS;Paris;LinkedIn;2026-09-25 16:20;https://fr.linkedin.com/jobs/view/stage-consultant-cybers%C3%A9curit%C3%A9-secop-pki-h-f-at-synetis-4470301821
335abb54a026e734;Stage pentest et sécurité applicative F/H;Bouygues Telecom;Meudon;LinkedIn;2026-09-25 16:20;https://fr.linkedin.com/jobs/view/stage-pentest-et-s%C3%A9curit%C3%A9-applicative-f-h-at-bouygues-telecom-4472028170
be924bf380868fb7;STAGE en cybersécurité H/F;Elée;Puteaux;LinkedIn;2026-09-25 16:20;https://fr.linkedin.com/jobs/view/stage-en-cybers%C3%A9curit%C3%A9-h-f-at-el%C3%A9e-4469676502
9076d9282edd2f8b;Pentester / SDM H/F;SYNETIS;Paris;LinkedIn;2026-09-25 16:20;https://fr.linkedin.com/jobs/view/pentester-sdm-h-f-at-synetis-4431596955
adca1f49f780b85c;Stage Conseil Consultant en Cybersécurité H/F;CGI;Paris - 75;HelloWork;2026-09-25 16:20;https://www.hellowork.com/fr-fr/emplois/83778022.html
b6fdb09b7f024e28;Stage Logiciel Automatisation d'Autotests pour Os Cybersécurisés H/F;MBDA;Le Plessis-Robinson - 92;HelloWork;2026-09-25 16:20;https://www.hellowork.com/fr-fr/emplois/83778076.html
f17f839c1bc79419;STAGE -  Cybersécurité de l'IA - F/H;Thales;La Ciotat;LinkedIn;2026-09-25 15:19;https://fr.linkedin.com/jobs/view/stage-cybers%C3%A9curit%C3%A9-de-l-ia-f-h-at-thales-4472011000
4e1d8c858471306f;Security Engineer - Pentester;Scaleway;Paris;LinkedIn;2026-09-25 11:17;https://fr.linkedin.com/jobs/view/security-engineer-pentester-at-scaleway-4470115595
640f67a757279a17;Ingénieur en data - Optimisation d'une base de données et suivi d'incidents cyber [Stage];Commandement de la cyberdéfense (COMCYBER);Paris;LinkedIn;2026-09-25 11:17;https://fr.linkedin.com/jobs/view/ing%C3%A9nieur-en-data-optimisation-d-une-base-de-donn%C3%A9es-et-suivi-d-incidents-cyber-stage-at-french-cyber-command-4458408031
a0ea7aecf03d02cf;Pentester / Ethical hacker H/F;Almond;Sèvres;LinkedIn;2026-09-25 00:55;https://fr.linkedin.com/jobs/view/pentester-ethical-hacker-h-f-at-almond-4462849150
60ad8ae1df87e89e;Arquus Stage - Systèmes Embarqués et Cybersécurité H/F;John Cockerill;France;HelloWork;2026-09-25 00:55;https://www.hellowork.com/fr-fr/emplois/79020326.html
f2a860c59fb3b140;Réalisation de contrôle cybersécurité des systèmes d’information [Stage];Commandement de la cyberdéfense (COMCYBER);Toulon;LinkedIn;2026-09-24 23:54;https://fr.linkedin.com/jobs/view/r%C3%A9alisation-de-contr%C3%B4le-cybers%C3%A9curit%C3%A9-des-syst%C3%A8mes-d%E2%80%99information-stage-at-french-cyber-command-4458411010
d9cd90218719efc1;Analyste SOC - Stage;Capgemini;Lyon;LinkedIn;2026-09-24 23:54;https://fr.linkedin.com/jobs/view/analyste-soc-stage-at-capgemini-4469193503
b2d69cd0a4353e76;Stage - Analyste VOC - Cybersécurité - Toulouse;Sopra Steria;Colomiers;LinkedIn;2026-09-24 21:53;https://fr.linkedin.com/jobs/view/stage-analyste-voc-cybers%C3%A9curit%C3%A9-toulouse-at-sopra-steria-4466091983
f93db74810087e97;Cybersecurity Analyst Intern;CybelAngel;Paris;LinkedIn;2026-09-24 21:43;https://fr.linkedin.com/jobs/view/cybersecurity-analyst-intern-at-cybelangel-4467726679
4b2892d97f49a43a;Stage ingénieur cybersécurité F/H/X;Socomec Group;Benfeld;LinkedIn;2026-09-24 19:35;https://fr.linkedin.com/jobs/view/stage-ing%C3%A9nieur-cybers%C3%A9curit%C3%A9-f-h-x-at-socomec-group-4468793930
3095cee42f6e31b1;Stage de fin d'études - Ingénieur.e cybersécurité H/F;Sagemcom;Bois-Colombes;LinkedIn;2026-09-24 19:35;https://fr.linkedin.com/jobs/view/stage-de-fin-d-%C3%A9tudes-ing%C3%A9nieur-e-cybers%C3%A9curit%C3%A9-h-f-at-sagemcom-4463236938
6387e1f9f33f769f;STAGE 6 MOIS CYBERSECURITÉ H/F;CEA;Grenoble;LinkedIn;2026-09-24 19:35;https://fr.linkedin.com/jobs/view/stage-6-mois-cybersecurit%C3%A9-h-f-at-cea-4467873140
dc3ae9de2ce18d0f;STAGE - Ingénieur cybersécurité (F/H);Dassault Systèmes;Vélizy-Villacoublay;LinkedIn;2026-09-24 19:35;https://fr.linkedin.com/jobs/view/stage-ing%C3%A9nieur-cybers%C3%A9curit%C3%A9-f-h-at-dassault-syst%C3%A8mes-4464098101
a314820329e954b6;Stage - Intelligence artificielle & Cybersécurité : Comment s’adapter pour garantir la sécurité de ces nouveaux systèmes ?;Wavestone;Puteaux;LinkedIn;2026-09-24 19:35;https://fr.linkedin.com/jobs/view/stage-intelligence-artificielle-cybers%C3%A9curit%C3%A9-comment-s%E2%80%99adapter-pour-garantir-la-s%C3%A9curit%C3%A9-de-ces-nouveaux-syst%C3%A8mes-%3F-at-wavestone-4462160504
421039fceecda165;Stage - Cybersécurité et automatisation de la génération du plan de tests - F/H;Schneider Electric;Eybens;LinkedIn;2026-09-24 19:35;https://fr.linkedin.com/jobs/view/stage-cybers%C3%A9curit%C3%A9-et-automatisation-de-la-g%C3%A9n%C3%A9ration-du-plan-de-tests-f-h-at-schneider-electric-4469471735
b16e7fc9b3adb1a5;Stage - Cybersécurité : comment protéger les activités financières les plus critiques ?;Wavestone;Puteaux;LinkedIn;2026-09-24 19:35;https://fr.linkedin.com/jobs/view/stage-cybers%C3%A9curit%C3%A9-comment-prot%C3%A9ger-les-activit%C3%A9s-financi%C3%A8res-les-plus-critiques-%3F-at-wavestone-4444135123
3038000cbc085428;STAGE - Ingénieur Cybersécurité H/F - Février 2027;Fleury Michon;Pouzauges;LinkedIn;2026-09-24 19:35;https://fr.linkedin.com/jobs/view/stage-ing%C3%A9nieur-cybers%C3%A9curit%C3%A9-h-f-f%C3%A9vrier-2027-at-fleury-michon-4465688876
79dcb8f756044dc6;Network & Cyber Engineer Internship;Skynopy;Paris;LinkedIn;2026-09-24 19:35;https://fr.linkedin.com/jobs/view/network-cyber-engineer-internship-at-skynopy-4469044138
7c32901e56ba16fb;Stagiaire Analyste/Consultant en Cybersécurité;CybelAngel;Paris;LinkedIn;2026-09-24 19:35;https://fr.linkedin.com/jobs/view/stagiaire-analyste-consultant-en-cybers%C3%A9curit%C3%A9-at-cybelangel-4466564527
afdbf72fb766e365;Stage de fin d'études - Ingénieur Cybersécurité (F/H);Ivalua;Massy;LinkedIn;2026-09-24 19:35;https://fr.linkedin.com/jobs/view/stage-de-fin-d-%C3%A9tudes-ing%C3%A9nieur-cybers%C3%A9curit%C3%A9-f-h-at-ivalua-4470457378
8d4815b05869f86e;Analyse Cybersécurité - 1 stage de fin d'études en pré-embauche F/H;VINCI Construction;Nanterre;LinkedIn;2026-09-24 19:35;https://fr.linkedin.com/jobs/view/analyse-cybers%C3%A9curit%C3%A9-1-stage-de-fin-d-%C3%A9tudes-en-pr%C3%A9-embauche-f-h-at-vinci-construction-4462099324
efefb14e40e91edd;Stage : Consultant/e Cybersécurité GRC - Défense & Sécurité - Le Plessis Robinson;CS GROUP;Le Plessis-Robinson;LinkedIn;2026-09-24 19:35;https://fr.linkedin.com/jobs/view/stage-consultant-e-cybers%C3%A9curit%C3%A9-grc-d%C3%A9fense-s%C3%A9curit%C3%A9-le-plessis-robinson-at-cs-group-4469915005
e47a45b38fabda22;Analyse Cybersécurité - 1 stage de fin d'études en pré-embauche F/H;VINCI;Nanterre;LinkedIn;2026-09-24 19:35;https://fr.linkedin.com/jobs/view/analyse-cybers%C3%A9curit%C3%A9-1-stage-de-fin-d-%C3%A9tudes-en-pr%C3%A9-embauche-f-h-at-vinci-4463783569
bef9047396c7e280;Stage – Analyste Cybersécurité & Transformation Digitale - H/F;Schneider Electric;Grenoble;LinkedIn;2026-09-24 19:35;https://fr.linkedin.com/jobs/view/stage-%E2%80%93-analyste-cybers%C3%A9curit%C3%A9-transformation-digitale-h-f-at-schneider-electric-4471460114
f906212defc4cbb5;STAGE - Analyste CERT : Réponse Incident IA - H/F;SYNETIS;Cesson-Sévigné;LinkedIn;2026-09-24 19:35;https://fr.linkedin.com/jobs/view/stage-analyste-cert-r%C3%A9ponse-incident-ia-h-f-at-synetis-4467575577
f305d3855bfdf2a4;Stage – Consultant Sécurité IAM RUN (H/F);SYNETIS;Cesson-Sévigné;LinkedIn;2026-09-24 19:35;https://fr.linkedin.com/jobs/view/stage-%E2%80%93-consultant-s%C3%A9curit%C3%A9-iam-run-h-f-at-synetis-4462946302
e7dbf233924361a5;Stage    -     Stage de fin d’études / Ingénieur Innovation Cybersécurité & Cryptographie Avancée - Rennes, France  (H/F);Astek;Rennes;LinkedIn;2026-09-24 19:35;https://fr.linkedin.com/jobs/view/stage-stage-de-fin-d%E2%80%99%C3%A9tudes-ing%C3%A9nieur-innovation-cybers%C3%A9curit%C3%A9-cryptographie-avanc%C3%A9e-rennes-france-h-f-at-astek-4462233622
23a63901f41b0816;Stage - Analyste Cybersécurité - Response - Toulouse;Sopra Steria;Colomiers;LinkedIn;2026-09-24 19:35;https://fr.linkedin.com/jobs/view/stage-analyste-cybers%C3%A9curit%C3%A9-response-toulouse-at-sopra-steria-4467092815
9a4a3780b8d4cb89;Final Year Internship Consultant - Cybersecurity;Sia;Paris;LinkedIn;2026-09-24 19:35;https://fr.linkedin.com/jobs/view/final-year-internship-consultant-cybersecurity-at-sia-4471497583
e2e9bbba584e32c5;Stage - 6 mois - Ingénieur Sécurité Informatique F/H;BPCE Infogérance & Technologies;Balma;LinkedIn;2026-09-24 19:35;https://fr.linkedin.com/jobs/view/stage-6-mois-ing%C3%A9nieur-s%C3%A9curit%C3%A9-informatique-f-h-at-bpce-infog%C3%A9rance-technologies-4465986640
246b4c93ea9d8eec;Stage de fin d'études - Ingénieur(e) Cybersécurité;Ateme;Rennes;LinkedIn;2026-09-24 19:35;https://fr.linkedin.com/jobs/view/stage-de-fin-d-%C3%A9tudes-ing%C3%A9nieur-e-cybers%C3%A9curit%C3%A9-at-ateme-4467642113
a72d2e296044aef1;Stage - Audit & Déploiement Cybersécurité;TerX;Levallois-Perret;LinkedIn;2026-09-24 19:35;https://fr.linkedin.com/jobs/view/stage-audit-d%C3%A9ploiement-cybers%C3%A9curit%C3%A9-at-terx-4470955936
a9f86bd6586f4e45;STAGE - Consultant Cybersécurité - GRC H/F;SYNETIS;Paris;LinkedIn;2026-09-24 19:35;https://fr.linkedin.com/jobs/view/stage-consultant-cybers%C3%A9curit%C3%A9-grc-h-f-at-synetis-4457459762
96dda0b1ee9579fa;Consultant Cybersécurité – Pentester / Auditeur Technique (H/F);Keyrus;France;LinkedIn;2026-09-24 19:35;https://fr.linkedin.com/jobs/view/consultant-cybers%C3%A9curit%C3%A9-%E2%80%93-pentester-auditeur-technique-h-f-at-keyrus-4335842180
6aa6e7051201a7e9;Auditeur/Pentester (Web & Mobile) (H/F) - (KSC/IEC/092026);SERMA Safety and Security;Ville de Paris;LinkedIn;2026-09-24 19:35;https://fr.linkedin.com/jobs/view/auditeur-pentester-web-mobile-h-f-ksc-iec-092026-at-serma-safety-and-security-4419279567
97992aa9ccac4695;Auditeur confirmé en cybersécurité (pentester) – 2 postes;Préfecture de Police;Paris;LinkedIn;2026-09-24 19:35;https://fr.linkedin.com/jobs/view/auditeur-confirm%C3%A9-en-cybers%C3%A9curit%C3%A9-pentester-%E2%80%93-2-postes-at-pr%C3%A9fecture-de-police-4457758301
8bc1007868618d47;Pentester expérimenté / Red Teamer H/F;SYNETIS;Paris;LinkedIn;2026-09-24 19:35;https://fr.linkedin.com/jobs/view/pentester-exp%C3%A9riment%C3%A9-red-teamer-h-f-at-synetis-4431902994
e48dff76d7f928f7;Auditeur / Pentester (F/H);Advens;Paris;LinkedIn;2026-09-24 19:35;https://fr.linkedin.com/jobs/view/auditeur-pentester-f-h-at-advens-4460343060
8133dfc27824a671;Stage – Sécurité Opérationnelle & DevSecOps – Cybersécurité (H/F/X) - Mode - Février 2027;CHANEL;Paris;LinkedIn;2026-09-24 19:35;https://fr.linkedin.com/jobs/view/stage-%E2%80%93-s%C3%A9curit%C3%A9-op%C3%A9rationnelle-devsecops-%E2%80%93-cybers%C3%A9curit%C3%A9-h-f-x-mode-f%C3%A9vrier-2027-at-chanel-4466135042
566859bdce2eaaf1;Pentester Web Application;GazelTech;Paris;LinkedIn;2026-09-24 19:35;https://fr.linkedin.com/jobs/view/pentester-web-application-at-gazeltech-4434996045
69649b781baad1e3;Consultant Cybersécurité / Pentester (H/F);SCASSI - Expert cybersécurité des systèmes critiques & embarqués;Paris et périphérie;LinkedIn;2026-09-24 19:35;https://fr.linkedin.com/jobs/view/consultant-cybers%C3%A9curit%C3%A9-pentester-h-f-at-scassi-expert-cybers%C3%A9curit%C3%A9-des-syst%C3%A8mes-critiques-embarqu%C3%A9s-4454740452
d4935090614f0f81;STAGE - Cyber sécurité, banc d'intégration, IHM, protocoles réseaux, proxy et réseaux sans fil F/H;KNDS France;Versailles;LinkedIn;2026-09-24 19:35;https://fr.linkedin.com/jobs/view/stage-cyber-s%C3%A9curit%C3%A9-banc-d-int%C3%A9gration-ihm-protocoles-r%C3%A9seaux-proxy-et-r%C3%A9seaux-sans-fil-f-h-at-knds-france-4465250117
6ef52a9a7dc1b67f;STAGE - IA & Cybersécurité : Réinventer le triage des vulnérabilités (F/H);Dassault Systèmes;Vélizy-Villacoublay;LinkedIn;2026-09-24 19:35;https://fr.linkedin.com/jobs/view/stage-ia-cybers%C3%A9curit%C3%A9-r%C3%A9inventer-le-triage-des-vuln%C3%A9rabilit%C3%A9s-f-h-at-dassault-syst%C3%A8mes-4467240065
11e65038ef2a6f1e;Security Engineer - Pentester;Scaleway;Paris;LinkedIn;2026-09-24 19:35;https://fr.linkedin.com/jobs/view/security-engineer-pentester-at-scaleway-4469383314
11f856d4aa61adb7;Pentester Web (H/F);Lexfo (Forward Global Cyber);Ville de Paris;LinkedIn;2026-09-24 19:35;https://fr.linkedin.com/jobs/view/pentester-web-h-f-at-lexfo-forward-global-cyber-4433876470
c20dafbe7302949a;Cyber Security Consultant / Penetration Tester;Cyberfero - Cyber Security and Cloud Computing services;Job;LinkedIn;2026-09-24 19:35;https://fr.linkedin.com/jobs/view/cyber-security-consultant-penetration-tester-at-cyberfero-cyber-security-and-cloud-computing-services-4439055100
3582a82cd9419a26;STAGE - Analyste SOC Niveau 2 (Français/Anglais) - F/H;EssilorLuxottica;Créteil;LinkedIn;2026-09-24 19:35;https://fr.linkedin.com/jobs/view/stage-analyste-soc-niveau-2-fran%C3%A7ais-anglais-f-h-at-essilorluxottica-4467709912
61e91f7091afa20d;Analyste SOC - Stage;Capgemini;Montbonnot-Saint-Martin;LinkedIn;2026-09-24 19:35;https://fr.linkedin.com/jobs/view/analyste-soc-stage-at-capgemini-4469190506
0acea24daefccbfd;Stage - Analyste MDR - Detection Cybersécurité - Rennes;Sopra Steria;Cesson-Sévigné;LinkedIn;2026-09-24 19:35;https://fr.linkedin.com/jobs/view/stage-analyste-mdr-detection-cybers%C3%A9curit%C3%A9-rennes-at-sopra-steria-4469172459
730aee0786187cb5;Stage - Analyste MDR - Detection Cybersécurité - Île-de-France;Sopra Steria;Courbevoie;LinkedIn;2026-09-24 19:35;https://fr.linkedin.com/jobs/view/stage-analyste-mdr-detection-cybers%C3%A9curit%C3%A9-%C3%AEle-de-france-at-sopra-steria-4462835914
5df14538e8b57ebb;Analyste SOC - Stage;Capgemini;Valbonne;LinkedIn;2026-09-24 19:35;https://fr.linkedin.com/jobs/view/analyste-soc-stage-at-capgemini-4469189713
8d16f1f7ea30010e;Analyste Cyberdéfense -1 stage de fin d'études en pré-embauche F/H;VINCI;Nanterre;LinkedIn;2026-09-24 19:35;https://fr.linkedin.com/jobs/view/analyste-cyberd%C3%A9fense-1-stage-de-fin-d-%C3%A9tudes-en-pr%C3%A9-embauche-f-h-at-vinci-4463784540
9a088a1469a95013;Analyste Cyberdéfense -1 stage de fin d'études en pré-embauche F/H;VINCI Construction;Nanterre;LinkedIn;2026-09-24 19:35;https://fr.linkedin.com/jobs/view/analyste-cyberd%C3%A9fense-1-stage-de-fin-d-%C3%A9tudes-en-pr%C3%A9-embauche-f-h-at-vinci-construction-4462107102
6e9facab0d8294e1;OFFRE DE STAGE: ANALYSTE SECURITY OPERATIONS CENTER (SOC);Bénin Digital;Montfaucon;LinkedIn;2026-09-24 19:35;https://fr.linkedin.com/jobs/view/offre-de-stage-analyste-security-operations-center-soc-at-b%C3%A9nin-digital-4200275207
b0bae000f3a624e5;Stage - Analyste DevSecOps & IA F/H;VINCI Energies;Le Mans;LinkedIn;2026-09-24 19:35;https://fr.linkedin.com/jobs/view/stage-analyste-devsecops-ia-f-h-at-vinci-energies-4464339929
e0a69e84aac343ba;Stage - 6 mois - Expert Sécurité DATA F/H;BPCE Infogérance & Technologies;Balma;LinkedIn;2026-09-24 19:35;https://fr.linkedin.com/jobs/view/stage-6-mois-expert-s%C3%A9curit%C3%A9-data-f-h-at-bpce-infog%C3%A9rance-technologies-4465580905
84b244038fb3eadf;Administrateur Cybersécurité (H/F) - Alternance;Institut F2I;Paris;LinkedIn;2026-09-24 19:35;https://fr.linkedin.com/jobs/view/administrateur-cybers%C3%A9curit%C3%A9-h-f-alternance-at-institut-f2i-4407329918
f3bbb8e8b0558059;Stage Cybersecurité H/F;CEA;Grenoble - 38;HelloWork;2026-09-24 19:35;https://www.hellowork.com/fr-fr/emplois/83520060.html
63ff08fe5d689786;Stage Cybersécurité Grc H/F;Capgemini;Toulouse - 31;HelloWork;2026-09-24 19:35;https://www.hellowork.com/fr-fr/emplois/83407333.html
ff27c626793c12fa;Stage Logiciel Cybersécurité Embarquée H/F;MBDA;France;HelloWork;2026-09-24 19:35;https://www.hellowork.com/fr-fr/emplois/83540249.html
420628bb84d07f78;Développeur Cybersécurité dans les Applications Web H/F;Viveris.;Lyon - 69;HelloWork;2026-09-24 19:35;https://www.hellowork.com/fr-fr/emplois/81062092.html
97d6a0b9dbf9f0bf;Stage - Analyste Voc - Cybersécurité - Toulouse H/F;Sopra Steria;Colomiers - 31;HelloWork;2026-09-24 19:35;https://www.hellowork.com/fr-fr/emplois/83043553.html
e1f4edbcb0e28c0c;Stage - Stage de Fin d'Études - Ingénieur Innovation Cybersécurité & Cryptographie Avancée H/F;Astek;Rennes - 35;HelloWork;2026-09-24 19:35;https://www.hellowork.com/fr-fr/emplois/78284120.html
91b83e87189f71dd;Stage - Analyste Mdr - Detection Cybersécurité - Toulouse H/F;Sopra Steria;Colomiers - 31;HelloWork;2026-09-24 19:35;https://www.hellowork.com/fr-fr/emplois/82999801.html
4fb5f00f35d04ea9;Stage - Analyste Mdr - Detection Cybersécurité - Rennes H/F;Sopra Steria;Cesson-Sévigné - 35;HelloWork;2026-09-24 19:35;https://www.hellowork.com/fr-fr/emplois/82999798.html
513cf3ccde4fec18;Stage - Alternance - Chef de Projet Grc et Cybersécurité H/F;Groupe ONET;Marseille - 13;HelloWork;2026-09-24 19:35;https://www.hellowork.com/fr-fr/emplois/81934256.html
ddc4c4f537170572;Stage - Chef de Projets Cybersécurité H/F;Vinci Energies France Tertiaire Centre Est Sud;Dardilly - 69;HelloWork;2026-09-24 19:35;https://www.hellowork.com/fr-fr/emplois/83683977.html
dfa778a90320ba96;Stage - Analyste Mdr - Detection Cybersécurité - Île-De-France H/F;Sopra Steria;Courbevoie - 92;HelloWork;2026-09-24 19:35;https://www.hellowork.com/fr-fr/emplois/82999800.html
11ce5ae2386e42b1;Ingénieure - Ingénieur Cybersécurité Grc - Stage H/F;Capgemini;Lille - 59;HelloWork;2026-09-24 19:35;https://www.hellowork.com/fr-fr/emplois/83602218.html
8a819e97ef4eba57;Ingénieure - Ingénieur Cybersécurité Grc - Stage H/F;Capgemini;Nantes - 44;HelloWork;2026-09-24 19:35;https://www.hellowork.com/fr-fr/emplois/83520862.html
4989f65dc47da42f;Ingénieure - Ingénieur Cybersécurité Grc - Stage H/F;Capgemini;Lille - 59;HelloWork;2026-09-24 19:35;https://www.hellowork.com/fr-fr/emplois/83526325.html
900a9f412da936e2;Ingénieure - Ingénieur Cybersécurité Grc - Stage H/F;Capgemini;Mérignac - 33;HelloWork;2026-09-24 19:35;https://www.hellowork.com/fr-fr/emplois/83407110.html
723845a058cee0eb;Stage de Fin d'Études - Ingénieur Cybersécurité H/F;TEAM Y;1 867,02 € / mois;HelloWork;2026-09-24 19:35;https://www.hellowork.com/fr-fr/emplois/82222422.html
7da7a688225febb1;Stage - Ingénieur Cybersécurité - Février 2027 H/F;Fleury Michon;France;HelloWork;2026-09-24 19:35;https://www.hellowork.com/fr-fr/emplois/83254751.html
6c3bfb038d241e4c;Stage - Analyste Cybersécurité - Response - Toulouse H/F;Sopra Steria;Colomiers - 31;HelloWork;2026-09-24 19:35;https://www.hellowork.com/fr-fr/emplois/83035581.html
49fef7e222a09e1a;Stage Consultant·e Cybersécurité Grc - Défense & Sécurité - le Plessis Robinson H/F;Sopra Steria;Le Plessis-Robinson - 92;HelloWork;2026-09-24 19:35;https://www.hellowork.com/fr-fr/emplois/83584332.html
72aa8c754c5517ed;Formation Cyber Xp Epsi Bordeaux - Bac+3 - 5 + Stage Cybersécurité 4Mois H/F;EPSI Bordeaux;Bordeaux - 33;HelloWork;2026-09-24 19:35;https://www.hellowork.com/fr-fr/emplois/81798213.html
a1ee6827404b6e9b;Stage Ingénieur·e Intégration et Automatisation Linux - Défense & Sécurité - le Plessis Robinson H/F;Sopra Steria;Le Plessis-Robinson - 92;HelloWork;2026-09-24 19:35;https://www.hellowork.com/fr-fr/emplois/83642146.html
e15696526cfa9e6d;Stage de Fin d'Études - Consultant Cybersécurité - Nantes - 2026 H/F;Forvis Mazars;Saint-Herblain - 44;HelloWork;2026-09-24 19:35;https://www.hellowork.com/fr-fr/emplois/56411017.html
95f617039c455b95;Ingénieure - Ingénieur Devsecops - Stage H/F;Capgemini;Issy-les-Moulineaux - 92;HelloWork;2026-09-24 19:35;https://www.hellowork.com/fr-fr/emplois/83635709.html
56c787cd66bb2899;Stage - - Ingénieur Sécurité Informatique H/F;BPCE Infogérance & Technologies;Balma - 31;HelloWork;2026-09-24 19:35;https://www.hellowork.com/fr-fr/emplois/83432904.html
6d715520bff8d03d;Stage - Conception de la Plateforme de Pilotage Cyber du Groupe Cma Cgm H/F;CMA CGM;Marseille - 13;HelloWork;2026-09-24 19:35;https://www.hellowork.com/fr-fr/emplois/83447545.html
2bc2bd1bf213f491;Stage - Cyber Operational Dashboard H/F;CMA CGM;Marseille - 13;HelloWork;2026-09-24 19:35;https://www.hellowork.com/fr-fr/emplois/83301420.html
d72390cfb8c27f63;Stagiaire en Analyse de Risques Cyber et Efficacité des Processus Internes H/F;Arkéa Asset Managment;France;HelloWork;2026-09-24 19:35;https://www.hellowork.com/fr-fr/emplois/82463872.html
a5f9678e256adfa4;Internship - Cyber Operational Dashboard H/F;CMA CGM;Marseille - 13;HelloWork;2026-09-24 19:35;https://www.hellowork.com/fr-fr/emplois/83301261.html
e1ab375ebd134c9b;Stage - Développeur de Moyens de Simulation Numériques pour la Défense - Défense & Sécurité - Rennes H/F;Sopra Steria;Chartres-de-Bretagne - 35;HelloWork;2026-09-24 19:35;https://www.hellowork.com/fr-fr/emplois/83650499.html
e3196cee5c3f75da;Stage - Consultant Fonctionel - Défense et Sécurité - Bordeaux H/F;Sopra Steria;Mérignac - 33;HelloWork;2026-09-24 19:35;https://www.hellowork.com/fr-fr/emplois/81929929.html
8b6e99326adcd450;Stage - Développeur·se Java - Défense et Sécurité - Lille H/F;Sopra Steria;Villeneuve-d'Ascq - 59;HelloWork;2026-09-24 19:35;https://www.hellowork.com/fr-fr/emplois/83635852.html
9103c0166c066b68;Stage - Ingénieur de Développement - Java - Défense & Sécurité - Rennes H/F;Sopra Steria;Cesson-Sévigné - 35;HelloWork;2026-09-24 19:35;https://www.hellowork.com/fr-fr/emplois/83650526.html
8ab2e19158076e6e;Stage - Intégration et Valorisation de Données Temps Réel dans Crimson pour la Gestion des Opérations de Sécurité Civile - Défense & Sécurité - Toulouse H/F;Sopra Steria;Toulouse - 31;HelloWork;2026-09-24 19:35;https://www.hellowork.com/fr-fr/emplois/83577638.html
d0bfb94e8352c665;Stage - Ingénieur Développement d'Applications Militaires - Défense & Sécurité - Rennes H/F;Sopra Steria;Cesson-Sévigné - 35;HelloWork;2026-09-24 19:35;https://www.hellowork.com/fr-fr/emplois/83650506.html
759b37dd36735e36;Stage - Ivq - Défense & Sécurité - le Plessis Robinson H/F;Sopra Steria;Le Plessis-Robinson - 92;HelloWork;2026-09-24 19:35;https://www.hellowork.com/fr-fr/emplois/83102055.html
95100486d4a1a476;Stage - Développeur·se d'Applications de Simulation C++ - Qt - Défense & Sécurité - Toulon H/F;Sopra Steria;France;HelloWork;2026-09-24 19:35;https://www.hellowork.com/fr-fr/emplois/83102053.html
6da5507e20ab3e20;Stage - Développeur Fullstack - Défense & Sécurité - Île-De-France H/F;Sopra Steria;Courbevoie - 92;HelloWork;2026-09-24 19:35;https://www.hellowork.com/fr-fr/emplois/83006174.html
290be4e2e0658b4a;Stage Ingénieur Logiciel - Défense & Sécurité - Bordeaux H/F;Sopra Steria;Mérignac - 33;HelloWork;2026-09-24 19:35;https://www.hellowork.com/fr-fr/emplois/81929930.html
